{"cameraMode":{"drawMode":0,"name":"Shaded","section":"Shading Mode"},"sceneLighting":false,"audioPlay":false,"sceneViewState":{"showFog":true,"showMaterialUpdate":false,"showSkybox":false,"showFlares":true,"showImageEffects":true,"showParticleSystems":true},"in2DMode":false,"pivot":{"x":-4.1717448234558109,"y":-0.006177003029733896,"z":3.6786048412323},"rotation":{"x":-0.3998112380504608,"y":-0.003583290381357074,"z":0.0015477995621040464,"w":-0.9166048169136047},"size":0.6705254316329956,"orthographic":false}